tenor,r
1,8.017223831586994e-07
2,2.360991828126422e-07
3,4.908963921450306e-07
5,1.089200909903893e-06
10,5.499400455796404e-07
15,3.5321810249464435e-07
20,4.795147200571042e-07
30,9.276809838780335e-07
