tenor,r
1,1.4922949506794468e-06
2,6.745916235929785e-07
3,1.3013920830961566e-06
5,1.3465107355640272e-06
10,4.975830655942917e-07
15,5.600317694368428e-07
20,6.31876951344779e-07
30,1.062307835484285e-06
