phi,q
0.988055405526494,4.602597308878864e-07
0.9911241079016592,2.761984495501428e-07
0.9680820710596048,4.020670991666223e-07
