ccy,rmse_bps,lambda
JPY,4.4680022892154865,0.2517241379310345
GBP,6.334788127022169,0.45344827586206893
SEK,6.846880610285205,0.5206896551724138
USD,7.179723876723989,0.5879310344827586
NOK,8.272166903680194,0.5879310344827586
CAD,8.471048427726702,0.5206896551724138
EUR,8.73903214043989,0.5206896551724138
DKK,8.999818920217777,0.5206896551724138
AUD,9.45232404216346,0.5206896551724138
Average,7.640420593052763,
