phi,q
0.9914812383820996,3.0494629759544514e-06
0.9882431381335186,2.618109025381049e-06
0.9749680838004673,1.0407465232887429e-06
