phi,q
0.9885998289401295,2.2355147381883817e-06
0.9876580143128278,1.373498664952616e-06
0.9880885095345777,5.89059941883443e-07
