tenor,r
1,1.0533807845770955e-06
2,4.583565034900141e-07
3,7.229198052030376e-07
5,8.738746058658644e-07
10,3.6917980459598287e-07
15,5.627887332360323e-07
20,4.386941793587962e-07
30,7.20136297450039e-07
