phi,q
0.9812485626702308,1.7135211554430168e-06
0.9842320120475175,1.1093315849385264e-06
0.9521063124576489,6.436431030577221e-07
