phi,q
0.9937392002564114,2.563175959062341e-06
0.9811744825361294,2.068215371678434e-06
0.9862914316766903,5.75609515144896e-07
