phi,q
0.9933631307139658,1.9445927020399795e-06
0.9915719877135818,1.322538408034808e-06
0.9941212314931216,3.133521708142575e-07
