tenor,r
1,1.0127807331389572e-06
2,3.0483379748196e-07
3,5.300730233363261e-07
5,7.030344182514801e-07
10,5.491761451923691e-07
15,3.1748702422390725e-07
20,4.476746206928368e-07
30,9.748924701804282e-07
