ccy,rmse_bps,lambda
JPY,4.588548263542612,0.2517241379310345
GBP,5.996967422849581,0.45344827586206893
SEK,6.545246204454155,0.5206896551724138
USD,7.020447065520665,0.5879310344827586
NOK,8.09141943552177,0.5879310344827586
CAD,8.406774066340734,0.5206896551724138
EUR,8.537793541233217,0.5206896551724138
DKK,8.77057069780377,0.5206896551724138
AUD,9.225791772009307,0.5206896551724138
Average,7.464839829919534,
