tenor,r
1,1.4501119332813663e-07
2,3.9738674348451426e-08
3,8.286440355120574e-08
5,2.9109422048263954e-07
10,3.01908529844967e-07
15,2.1436360754077662e-07
20,2.291958762183476e-07
30,5.558221375332583e-07
