tenor,r
1,9.296461067714097e-07
2,2.735711672116015e-07
3,5.108862009693696e-07
5,6.552010701454426e-07
10,6.346318569422992e-07
15,5.563229784361859e-07
20,4.68091898099915e-07
30,1.639214274914984e-06
