tenor,r
1,9.801548914868859e-07
2,3.0081721628440135e-07
3,5.824606291250175e-07
5,5.90186438498009e-07
10,5.771768939434449e-07
15,4.1760730132521607e-07
20,2.950076517156641e-07
30,1.3697775074962563e-06
