phi,q
0.995,3.25874831878327e-06
0.9912901557516625,1.565273391092599e-06
0.995,5.639614573845573e-07
