tenor,r
1,1.0383693835792107e-06
2,3.5402791439872816e-07
3,5.633246869963015e-07
5,6.318208191470755e-07
10,7.131265912037888e-07
15,6.084416353070076e-07
20,4.112044248790563e-07
30,1.8315561047972193e-06
