phi,q
0.9894810971216611,2.5460788668997365e-06
0.9909625214245008,1.2971206614591168e-06
0.9889340373946091,6.00308143889491e-07
