tenor,r
1,8.736090434360987e-07
2,3.1161347987831884e-07
3,5.206184014697683e-07
5,6.145644464684398e-07
10,6.59832837137242e-07
15,5.51652866132146e-07
20,4.6666604115116e-07
30,1.7094919012674048e-06
