phi,q
0.9913167289746887,2.3236113070881585e-06
0.9859786585940514,1.6721779993269657e-06
0.995,4.368093189635508e-07
