index,AUD,CAD,DKK,EUR,JPY,NOK,SEK,GBP,USD,All
Negative — N,,,69.0,78.0,80.0,,67.0,,,294.0
Negative — Avg RMSE (bps),,,10.4399995803833,17.81999969482422,12.079999923706055,,9.390000343322754,,,12.600000381469727
Negative — Std RMSE (bps),,,5.570000171661377,10.479999542236328,3.7300000190734863,,3.4700000286102295,,,7.300000190734863
Non-negative — N,170.0,164.0,99.0,92.0,90.0,169.0,103.0,127.0,162.0,1176.0
Non-negative — Avg RMSE (bps),9.229999542236328,7.699999809265137,7.900000095367432,8.0600004196167,10.119999885559082,7.630000114440918,7.28000020980835,6.96999979019165,8.819999694824219,8.180000305175781
Non-negative — Std RMSE (bps),3.3399999141693115,3.180000066757202,2.5399999618530273,2.509999990463257,2.690000057220459,3.6500000953674316,3.240000009536743,3.440000057220459,3.740000009536743,3.380000114440918
