index,AUD,CAD,DKK,EUR,JPY,NOK,SEK,GBP,USD,All
Negative — N,,,69.0,78.0,80.0,,67.0,,,294.0
Negative — RMSE,,,11.5600004196167,20.049999237060547,12.449999809265137,,9.869999885559082,,,13.670000076293945
Negative — Std RMSE (bps),,,5.699999809265137,12.0600004196167,3.759999990463257,,4.079999923706055,,,8.300000190734863
Non-negative — N,170.0,164.0,99.0,92.0,90.0,169.0,103.0,127.0,162.0,1176.0
Non-negative — RMSE,11.029999732971191,8.729999542236328,8.649999618530273,9.220000267028809,12.130000114440918,9.760000228881836,9.850000381469727,10.760000228881836,10.899999618530273,10.119999885559082
Non-negative — Std RMSE (bps),5.539999961853027,4.440000057220459,5.079999923706055,5.099999904632568,3.859999895095825,4.429999828338623,5.53000020980835,4.139999866485596,4.670000076293945,4.880000114440918
