index,AUD,CAD,DKK,EUR,JPY,NOK,SEK,GBP,USD,All
Inverted — N,11.0,22.0,18.0,18.0,,27.0,20.0,3.0,15.0,134.0
Inverted — RMSE,8.199999809265137,13.949999809265137,12.569999694824219,14.619999885559082,,14.779999732971191,13.199999809265137,18.440000534057617,12.34000015258789,13.359999656677246
Inverted — Std RMSE (bps),2.630000114440918,5.25,4.829999923706055,4.960000038146973,,3.0,6.03000020980835,1.5399999618530273,5.400000095367432,4.96999979019165
Normal — N,159.0,142.0,150.0,152.0,170.0,142.0,150.0,124.0,147.0,1336.0
Normal — RMSE,11.229999542236328,7.929999828338623,9.510000228881836,14.140000343322754,12.279999732971191,8.8100004196167,9.40999984741211,10.569999694824219,10.760000228881836,10.569999694824219
Normal — Std RMSE (bps),5.639999866485596,3.7200000286102295,5.519999980926514,10.949999809265137,3.809999942779541,4.0,4.690000057220459,4.0,4.590000152587891,5.929999828338623
