index,AUD,CAD,DKK,EUR,JPY,NOK,SEK,GBP,USD,All
Inverted — N,11.0,22.0,18.0,18.0,,27.0,20.0,3.0,15.0,134.0
Inverted — Avg RMSE (bps),11.59000015258789,14.140000343322754,11.1899995803833,11.609999656677246,,13.760000228881836,11.460000038146973,14.199999809265137,12.470000267028809,12.529999732971191
Inverted — Std RMSE (bps),1.6299999952316284,1.7599999904632568,2.1700000762939453,1.840000033378601,,2.0999999046325684,3.0999999046325684,1.8899999856948853,2.880000114440918,2.509999990463257
Normal — N,159.0,142.0,150.0,152.0,170.0,142.0,150.0,124.0,147.0,1336.0
Normal — Avg RMSE (bps),9.069999694824219,6.699999809265137,8.670000076293945,12.649999618530273,11.039999961853027,6.460000038146973,7.659999847412109,6.800000190734863,8.4399995803833,8.720000267028809
Normal — Std RMSE (bps),3.369999885559082,1.9299999475479126,4.349999904632568,9.270000457763672,3.359999895095825,2.549999952316284,3.2899999618530273,3.2799999713897705,3.630000114440918,4.820000171661377
