{
  "1x1": 0.13840569129708774,
  "1x5": 0.15101173286820305,
  "1x10": 0.09815009099807018,
  "5x1": 0.14189711457920684,
  "5x5": 0.1241942760975139,
  "5x10": 0.12740130739866853,
  "10x1": 0.12140370742842616,
  "10x5": 0.1450373106055064,
  "10x10": 0.18301994291533188
}