{
  "1x1": {
    "s": 0.13840569129708774,
    "train": {
      "n": 76,
      "mae_s1": 637.8,
      "mae_cal": 209.1,
      "rmse_s1": 644.1,
      "rmse_cal": 215.0
    },
    "oos": {
      "n": 25,
      "mae_s1": 430.7,
      "mae_cal": 161.2,
      "rmse_s1": 444.1,
      "rmse_cal": 167.3
    },
    "all": {
      "n": 101,
      "mae_s1": 586.5,
      "mae_cal": 197.3,
      "rmse_s1": 600.8,
      "rmse_cal": 204.2
    }
  },
  "1x5": {
    "s": 0.15101173286820305,
    "train": {
      "n": 104,
      "mae_s1": 498.0,
      "mae_cal": 80.7,
      "rmse_s1": 505.3,
      "rmse_cal": 96.0
    },
    "oos": {
      "n": 26,
      "mae_s1": 377.6,
      "mae_cal": 49.8,
      "rmse_s1": 380.5,
      "rmse_cal": 52.7
    },
    "all": {
      "n": 130,
      "mae_s1": 473.9,
      "mae_cal": 74.5,
      "rmse_s1": 482.9,
      "rmse_cal": 89.1
    }
  },
  "1x10": {
    "s": 0.09815009099807018,
    "train": {
      "n": 105,
      "mae_s1": 476.9,
      "mae_cal": 23.4,
      "rmse_s1": 479.0,
      "rmse_cal": 26.0
    },
    "oos": {
      "n": 42,
      "mae_s1": 350.1,
      "mae_cal": 144.2,
      "rmse_s1": 382.6,
      "rmse_cal": 229.4
    },
    "all": {
      "n": 147,
      "mae_s1": 440.7,
      "mae_cal": 58.0,
      "rmse_s1": 453.6,
      "rmse_cal": 124.6
    }
  },
  "5x1": {
    "s": 0.14189711457920684,
    "train": {
      "n": 104,
      "mae_s1": 400.0,
      "mae_cal": 132.9,
      "rmse_s1": 402.5,
      "rmse_cal": 137.1
    },
    "oos": {
      "n": 25,
      "mae_s1": 284.9,
      "mae_cal": 81.8,
      "rmse_s1": 291.2,
      "rmse_cal": 86.9
    },
    "all": {
      "n": 129,
      "mae_s1": 377.7,
      "mae_cal": 123.0,
      "rmse_s1": 383.4,
      "rmse_cal": 128.9
    }
  },
  "5x5": {
    "s": 0.1241942760975139,
    "train": {
      "n": 105,
      "mae_s1": 309.3,
      "mae_cal": 60.8,
      "rmse_s1": 310.4,
      "rmse_cal": 62.5
    },
    "oos": {
      "n": 38,
      "mae_s1": 217.2,
      "mae_cal": 58.9,
      "rmse_s1": 224.0,
      "rmse_cal": 76.2
    },
    "all": {
      "n": 143,
      "mae_s1": 284.8,
      "mae_cal": 60.3,
      "rmse_s1": 290.0,
      "rmse_cal": 66.4
    }
  },
  "5x10": {
    "s": 0.12740130739866853,
    "train": {
      "n": 105,
      "mae_s1": 255.6,
      "mae_cal": 54.0,
      "rmse_s1": 256.3,
      "rmse_cal": 54.8
    },
    "oos": {
      "n": 45,
      "mae_s1": 197.1,
      "mae_cal": 56.0,
      "rmse_s1": 206.4,
      "rmse_cal": 71.1
    },
    "all": {
      "n": 150,
      "mae_s1": 238.0,
      "mae_cal": 54.6,
      "rmse_s1": 242.4,
      "rmse_cal": 60.2
    }
  },
  "10x1": {
    "s": 0.12140370742842616,
    "train": {
      "n": 105,
      "mae_s1": 256.5,
      "mae_cal": 89.3,
      "rmse_s1": 257.2,
      "rmse_cal": 90.3
    },
    "oos": {
      "n": 43,
      "mae_s1": 179.5,
      "mae_cal": 45.1,
      "rmse_s1": 184.1,
      "rmse_cal": 49.4
    },
    "all": {
      "n": 148,
      "mae_s1": 234.1,
      "mae_cal": 76.4,
      "rmse_s1": 238.3,
      "rmse_cal": 80.5
    }
  },
  "10x5": {
    "s": 0.1450373106055064,
    "train": {
      "n": 105,
      "mae_s1": 193.2,
      "mae_cal": 66.0,
      "rmse_s1": 193.8,
      "rmse_cal": 66.8
    },
    "oos": {
      "n": 45,
      "mae_s1": 138.1,
      "mae_cal": 42.7,
      "rmse_s1": 143.3,
      "rmse_cal": 46.9
    },
    "all": {
      "n": 150,
      "mae_s1": 176.7,
      "mae_cal": 59.0,
      "rmse_s1": 180.2,
      "rmse_cal": 61.5
    }
  },
  "10x10": {
    "s": 0.18301994291533188,
    "train": {
      "n": 105,
      "mae_s1": 149.5,
      "mae_cal": 67.4,
      "rmse_s1": 150.0,
      "rmse_cal": 68.2
    },
    "oos": {
      "n": 42,
      "mae_s1": 111.7,
      "mae_cal": 52.5,
      "rmse_s1": 119.1,
      "rmse_cal": 55.6
    },
    "all": {
      "n": 147,
      "mae_s1": 138.5,
      "mae_cal": 63.2,
      "rmse_s1": 141.7,
      "rmse_cal": 64.9
    }
  },
  "overall_train": {
    "n": 914,
    "mae_s1": 343.7,
    "mae_cal": 83.2,
    "rmse_s1": 376.1,
    "rmse_cal": 99.4
  },
  "overall_test": {
    "n": 331,
    "mae_s1": 235.8,
    "mae_cal": 73.2,
    "rmse_s1": 267.6,
    "rmse_cal": 109.3
  },
  "overall_all": {
    "n": 1245,
    "mae_s1": 315.0,
    "mae_cal": 80.5,
    "rmse_s1": 350.5,
    "rmse_cal": 102.2
  }
}