epoch,time_total_sec,time_interval_sec,train_mse,train_rmse,avg_rmse_bps,n_good,n_bad,rmse_bps_AUD,rmse_bps_CAD,rmse_bps_DKK,rmse_bps_EUR,rmse_bps_JPY,rmse_bps_NOK,rmse_bps_SEK,rmse_bps_GBP,rmse_bps_USD
0,1.4655157919987687,1.4655157919987687,0.00041736462034703214,0.020429503673536274,176.28244569566513,1470,0,287.91583251953125,213.42013549804688,155.81996154785156,146.2957000732422,59.21709060668945,220.82034301757812,166.74639892578125,138.926025390625,197.38052368164062
499,486.4355002919983,484.96998449999955,2.9077690691164686e-06,0.00170521818812622,16.506198989020454,1470,0,15.547622680664062,15.698614120483398,16.189849853515625,23.714061737060547,16.111202239990234,15.91310977935791,15.671114921569824,14.079757690429688,15.630457878112793
999,1014.0316823339999,527.5961820420016,2.2425362981668675e-06,0.0014975100327433094,14.573535813225641,1470,0,12.66441535949707,13.282015800476074,13.983419418334961,22.015077590942383,14.517664909362793,13.170785903930664,14.042829513549805,12.485608100891113,15.000005722045898
1499,1584.7748155839981,570.7431332499982,1.9743833750648523e-06,0.0014051275298224187,13.660862074957953,1470,0,11.664711952209473,12.133602142333984,13.088419914245605,20.636396408081055,13.844749450683594,12.648237228393555,13.531158447265625,11.048080444335938,14.352402687072754
1999,2176.9475413750006,592.1727257910024,1.4899660253813264e-06,0.0012206416449479865,11.461607191297743,1470,0,10.124408721923828,10.081724166870117,11.253474235534668,18.29192352294922,13.507864952087402,9.996784210205078,10.241448402404785,9.008434295654297,10.648402214050293
2499,2779.9563012920007,603.0087599170001,1.1812347033779575e-06,0.0010868462188267287,10.35908614264594,1470,0,8.820982933044434,7.646005153656006,10.24628734588623,16.93524169921875,13.482234954833984,8.907587051391602,9.348795890808105,7.9740376472473145,9.87060260772705
2999,3574.8945199169975,794.9382186249968,1.0703691352355979e-06,0.0010345864561435152,9.827608903249104,1470,0,8.408032417297363,7.145738124847412,10.036420822143555,16.429889678955078,13.021668434143066,7.985805511474609,9.051708221435547,7.505512237548828,8.863704681396484
3499,4371.465321625001,796.5708017080033,1.0502465724606564e-06,0.001024815384574537,9.755360232459173,1470,0,8.383798599243164,7.033112525939941,9.957414627075195,16.31281280517578,12.979158401489258,7.904238700866699,8.956326484680176,7.522322177886963,8.74905776977539
