currency,rmse_bps
GBP,3.8208413124084473
NOK,4.893686771392822
AUD,5.022269248962402
USD,5.148436546325684
DKK,5.1728596687316895
SEK,5.252885341644287
CAD,5.311029434204102
EUR,5.970280170440674
JPY,7.064372539520264
Average,5.295184559292263
