currency,rmse_bps
SEK,6.422415733337402
CAD,7.167801856994629
NOK,7.276615142822266
AUD,7.610117435455322
DKK,7.6716389656066895
USD,8.280430793762207
GBP,8.655375480651855
JPY,9.647943496704102
EUR,11.444911003112793
Average,8.24191665649414
