{
  "1": 0.12915546578349021,
  "5": 0.13328301061218722,
  "10": 0.14064776791603942
}