{
  "1x1": {
    "s": 0.12915546578349021,
    "train": {
      "mae": 188.7,
      "rmse": 196.5,
      "n": 51
    },
    "oos": {
      "mae": 162.1,
      "rmse": 168.2,
      "n": 25
    }
  },
  "1x5": {
    "s": 0.12915546578349021,
    "train": {
      "mae": 56.9,
      "rmse": 78.1,
      "n": 97
    },
    "oos": {
      "mae": 35.4,
      "rmse": 40.3,
      "n": 26
    }
  },
  "1x10": {
    "s": 0.12915546578349021,
    "train": {
      "mae": 52.4,
      "rmse": 55.4,
      "n": 105
    },
    "oos": {
      "mae": 147.1,
      "rmse": 216.5,
      "n": 42
    }
  },
  "5x1": {
    "s": 0.13328301061218722,
    "train": {
      "mae": 120.8,
      "rmse": 124.4,
      "n": 96
    },
    "oos": {
      "mae": 77.6,
      "rmse": 82.3,
      "n": 25
    }
  },
  "5x5": {
    "s": 0.13328301061218722,
    "train": {
      "mae": 69.4,
      "rmse": 71.0,
      "n": 105
    },
    "oos": {
      "mae": 60.6,
      "rmse": 74.8,
      "n": 38
    }
  },
  "5x10": {
    "s": 0.13328301061218722,
    "train": {
      "mae": 59.0,
      "rmse": 59.8,
      "n": 104
    },
    "oos": {
      "mae": 58.6,
      "rmse": 72.0,
      "n": 44
    }
  },
  "10x1": {
    "s": 0.14064776791603942,
    "train": {
      "mae": 102.3,
      "rmse": 103.2,
      "n": 105
    },
    "oos": {
      "mae": 49.1,
      "rmse": 54.9,
      "n": 43
    }
  },
  "10x5": {
    "s": 0.14064776791603942,
    "train": {
      "mae": 63.1,
      "rmse": 64.0,
      "n": 105
    },
    "oos": {
      "mae": 41.2,
      "rmse": 46.4,
      "n": 45
    }
  },
  "10x10": {
    "s": 0.14064776791603942,
    "train": {
      "mae": 46.6,
      "rmse": 47.5,
      "n": 105
    },
    "oos": {
      "mae": 39.6,
      "rmse": 46.9,
      "n": 41
    }
  },
  "overall_train": {
    "mae": 77.8,
    "rmse": 89.9,
    "n": 873
  },
  "overall_test": {
    "mae": 71.6,
    "rmse": 105.3,
    "n": 329
  },
  "overall_all": {
    "mae": 76.1,
    "rmse": 94.4,
    "n": 1202
  }
}