epoch,time_total_sec,time_interval_sec,train_mse,train_rmse,avg_rmse_bps,n_good,n_bad,rmse_bps_AUD,rmse_bps_CAD,rmse_bps_DKK,rmse_bps_EUR,rmse_bps_JPY,rmse_bps_NOK,rmse_bps_SEK,rmse_bps_GBP,rmse_bps_USD
0,2.8957864999538288,2.8957864999538288,0.00041359970399549196,0.02033715083278609,165.76116773817276,1470,0,271.3038330078125,200.49452209472656,146.6317901611328,137.7667694091797,55.16630554199219,208.2152862548828,157.33203125,129.35325622558594,185.5867156982422
99,315.3396794999717,312.44389300001785,1.5400406960152458e-05,0.003924335225251846,38.41702779134114,1470,0,33.56475067138672,40.89568328857422,38.72914505004883,41.77070236206055,28.222496032714844,34.93479919433594,45.34420394897461,29.898494720458984,52.392974853515625
