epoch,time_total_sec,time_interval_sec,train_mse,train_rmse,avg_rmse_bps,n_good,n_bad,rmse_bps_AUD,rmse_bps_CAD,rmse_bps_DKK,rmse_bps_EUR,rmse_bps_JPY,rmse_bps_NOK,rmse_bps_SEK,rmse_bps_GBP,rmse_bps_USD
0,0.8607265419996111,0.8607265419996111,0.00040876063754620526,0.020217829694262567,160.39829381306964,1470,0,260.0220642089844,193.84646606445312,142.15342712402344,133.76596069335938,54.68598556518555,200.52459716796875,152.5127410888672,125.97074127197266,180.1026611328125
99,86.94796920800582,86.0872426660062,6.599414793564225e-06,0.0025689326175601076,24.86884201897515,1470,0,21.438323974609375,20.44757080078125,26.14536476135254,33.334510803222656,24.752254486083984,19.322784423828125,33.15680694580078,17.052942276000977,28.16901969909668
