epoch,time_total_sec,time_interval_sec,train_mse,train_rmse,avg_rmse_bps,n_good,n_bad,rmse_bps_AUD,rmse_bps_CAD,rmse_bps_DKK,rmse_bps_EUR,rmse_bps_JPY,rmse_bps_NOK,rmse_bps_SEK,rmse_bps_GBP,rmse_bps_USD
0,0.9998762080213055,0.9998762080213055,0.1001058967746034,0.3163951592148707,185.86047787136502,1470,0,307.9639892578125,225.55316162109375,164.02207946777344,153.50015258789062,58.11315155029297,235.98997497558594,176.13021850585938,144.32061767578125,207.1509552001953
49,44.27710137501708,43.27722516699578,0.0023955945532173426,0.04894481130025268,47.25494469536675,1470,0,55.267513275146484,57.29628372192383,45.087894439697266,46.75643539428711,27.009109497070312,51.55714416503906,51.46533203125,29.118175506591797,61.73661422729492
99,94.61361933301669,50.336517957999604,0.0011550353071810742,0.0339858103799376,47.29415808783637,1470,0,54.238304138183594,57.44754409790039,45.57811737060547,47.310916900634766,27.529163360595703,51.766151428222656,52.09247589111328,28.215286254882812,61.46946334838867
