regime,label,n_obs,mae_bp,rmse_bp,bias_bp
negative_rates,Negative rates era (2014--2019),594,166.38261006673648,203.3008419848709,159.84040885698766
covid,COVID shock (2020--2021),69,82.1713948233532,128.2745857114328,-38.604877400407354
rate_normalisation,Rate-normalisation shock (2022--),232,185.5183287472236,214.71752210424563,185.20319934539708
