ccy,rmse_bps,k
JPY,7.466545707645898,0.07862068965517241
GBP,8.513320539270683,0.14724137931034484
SEK,8.941997934641872,0.14724137931034484
NOK,9.085164064796281,0.14724137931034484
USD,10.330537625219058,0.14724137931034484
AUD,10.397281369861728,0.14724137931034484
DKK,10.447347311101701,0.14724137931034484
EUR,10.55692362796984,0.14724137931034484
CAD,10.666800956124622,0.14724137931034484
Average,9.600657681847965,
