ccy,rmse_bps,n_factors
JPY,19.487701221916076,5
EUR,27.506145759239413,5
DKK,29.12106840423697,5
GBP,31.35733353988546,5
SEK,32.79213984088615,5
NOK,38.60590951748082,5
CAD,38.9075720966403,5
USD,40.244376650307984,5
AUD,47.33286649320763,5
Average,33.92834594708897,5
