ccy,rmse_bps,lambda
JPY,8.368968938414406,0.05
GBP,10.792982672605683,0.2517241379310345
SEK,10.895394715912254,0.2517241379310345
NOK,11.061053697052959,0.3189655172413793
AUD,12.674857775285108,0.2517241379310345
USD,12.68564277537382,0.2517241379310345
DKK,12.811395504872213,0.2517241379310345
EUR,13.185465197561406,0.2517241379310345
CAD,13.63585456128888,0.2517241379310345
Average,11.790179537596304,
