expiry,tenor,count,mae,rmse,bias
1,1,1,2009.2177,2009.2177,2009.2177
1,5,1,1227.3635,1227.3635,1227.3635
1,10,1,884.1304,884.1304,884.1304
5,1,128,666.6004257812499,667.8816573029145,666.60042578125
5,5,142,361.77634718309855,366.6857117268239,361.7763471830986
5,10,150,206.45479266666663,212.39237765078528,204.44450466666666
10,1,148,61.879178378378384,64.80746654680203,51.04291621621621
10,5,150,32.429158666666666,42.11916439335108,12.159297333333335
10,10,148,19.06729864864865,36.70069207661577,-8.152055405405406
