currency,rmse_bps
NOK,6.633233070373535
GBP,6.679435729980469
AUD,6.688191890716553
CAD,6.990120887756348
SEK,7.980391979217529
DKK,8.474397659301758
USD,8.856127738952637
JPY,10.061362266540527
EUR,11.69175910949707
Average,8.228335592481825
