epoch,time_total_sec,time_interval_sec,train_mse,train_rmse,avg_rmse_bps,n_good,n_bad,rmse_bps_AUD,rmse_bps_CAD,rmse_bps_DKK,rmse_bps_EUR,rmse_bps_JPY,rmse_bps_NOK,rmse_bps_SEK,rmse_bps_GBP,rmse_bps_USD,torch_version,python_version,numpy_version
0,0.8119197500054725,0.8119197500054725,0.0003752447742347916,0.019371235743617175,164.50390243530273,1470,0,270.7859802246094,198.7781524658203,145.51165771484375,136.58364868164062,52.9959831237793,207.83888244628906,156.66622924804688,127.24784851074219,184.12673950195312,2.11.0,3.12.6,2.2.2
9,7.6767943750019185,6.864874624996446,2.2475860735657307e-05,0.004740871305536284,46.24413426717122,1470,0,36.68666076660156,50.309165954589844,48.00463104248047,50.05764389038086,34.23493194580078,40.23322677612305,54.557411193847656,37.39839553833008,64.71514129638672,2.11.0,3.12.6,2.2.2
19,16.06160562497098,8.384811249969061,2.1495219337085553e-05,0.004636293706947992,44.96316062079536,1470,0,35.552921295166016,49.20640563964844,46.61079025268555,48.813690185546875,32.91536331176758,40.11652755737305,53.424903869628906,35.05131149291992,62.976531982421875,2.11.0,3.12.6,2.2.2
