epoch,time_total_sec,time_interval_sec,train_mse,train_rmse,avg_rmse_bps,n_good,n_bad,rmse_bps_AUD,rmse_bps_CAD,rmse_bps_DKK,rmse_bps_EUR,rmse_bps_JPY,rmse_bps_NOK,rmse_bps_SEK,rmse_bps_GBP,rmse_bps_USD,torch_version,python_version,numpy_version
0,0.9242319169570692,0.9242319169570692,0.0002468615392782111,0.01571182800562083,76.25012673272026,1470,0,99.13829803466797,86.46260070800781,71.66535949707031,70.58929443359375,40.87758255004883,81.40039825439453,77.64757537841797,64.70313262939453,93.76689910888672,2.6.0,3.12.6,2.2.2
99,81.81575241696555,80.89152050000848,2.6581599035571157e-06,0.001630386427678149,15.68918482462565,1470,0,14.567021369934082,14.625483512878418,15.467083930969238,22.964252471923828,16.26728057861328,14.038249969482422,15.238083839416504,12.384071350097656,15.65113639831543,2.6.0,3.12.6,2.2.2
199,168.75852504197974,86.94277262501419,2.000154826833552e-06,0.0014142683008656993,14.799765268961588,1470,0,12.877490043640137,11.875683784484863,12.575396537780762,19.77864646911621,13.383787155151367,12.474058151245117,20.651405334472656,12.582978248596191,16.998441696166992,2.6.0,3.12.6,2.2.2
299,257.91846241697203,89.1599373749923,1.966784028203013e-06,0.0014024207743052772,13.577916357252331,1470,0,12.72469711303711,11.113973617553711,13.541666984558105,20.17562484741211,13.605881690979004,12.12337589263916,13.829458236694336,12.065465927124023,13.021102905273438,2.6.0,3.12.6,2.2.2
399,348.06661041697953,90.1481480000075,1.8745773549922813e-06,0.0013691520569287699,13.566790686713324,1470,0,12.7696533203125,11.23897933959961,12.977190971374512,19.798999786376953,13.409175872802734,11.998579025268555,15.164021492004395,11.655461311340332,13.089055061340332,2.6.0,3.12.6,2.2.2
499,438.9542559579713,90.8876455409918,1.8287594646138125e-06,0.0013523163330426105,13.336489783393011,1470,0,13.090036392211914,10.382465362548828,13.452162742614746,20.266279220581055,13.41994571685791,11.986488342285156,12.67749309539795,11.889015197753906,12.864521980285645,2.6.0,3.12.6,2.2.2
599,530.629856124986,91.67560016701464,1.7359404409944545e-06,0.0013175509253893962,13.31983036465115,1470,0,12.019428253173828,10.3284912109375,11.884315490722656,18.61759376525879,13.128800392150879,11.371630668640137,17.311866760253906,11.48942756652832,13.726919174194336,2.6.0,3.12.6,2.2.2
