epoch,time_total_sec,time_interval_sec,train_mse,train_rmse,avg_rmse_bps,n_good,n_bad,rmse_bps_AUD,rmse_bps_CAD,rmse_bps_DKK,rmse_bps_EUR,rmse_bps_JPY,rmse_bps_NOK,rmse_bps_SEK,rmse_bps_GBP,rmse_bps_USD
0,0.9084498329993949,0.9084498329993949,0.0004889826891392622,0.022112952971940724,204.0690366956923,1470,0,340.114990234375,247.75950622558594,180.13304138183594,168.23724365234375,61.35419464111328,260.3587646484375,193.0518035888672,158.618408203125,226.99337768554688
499,491.2646409579993,490.3561911249999,2.1154593227669353e-06,0.0014544618670721261,14.012828403049046,1470,0,12.966371536254883,12.213165283203125,14.436262130737305,21.239870071411133,14.79405403137207,12.042231559753418,13.452848434448242,11.397562980651855,13.573089599609375
999,1037.714474583001,546.4498336250017,1.7484760278142746e-06,0.0013222995227308654,12.954954995049372,1470,0,12.232986450195312,11.003572463989258,12.892430305480957,18.82996940612793,13.534428596496582,11.549509048461914,12.237582206726074,11.091729164123535,13.222387313842773
1499,1602.8812606660013,565.1667860830003,1.486306710106948e-06,0.0012191417924535882,12.081779162089031,1470,0,11.039342880249023,10.408846855163574,11.95395565032959,17.240488052368164,13.206658363342285,10.86429500579834,10.915029525756836,10.686201095581055,12.421195030212402
1999,2173.7494158749996,570.8681552089984,1.4258032777644342e-06,0.0011940700472603918,11.830078654819065,1470,0,11.149739265441895,10.197693824768066,12.044917106628418,17.433029174804688,12.981462478637695,10.010512351989746,10.924551963806152,10.17253303527832,11.556268692016602
2499,2753.9553057499998,580.2058898750001,1.3650754843703388e-06,0.001168364448436505,11.51728301578098,1470,0,10.711043357849121,9.713826179504395,11.561152458190918,16.9205322265625,12.547834396362305,10.17127799987793,10.502307891845703,10.245187759399414,11.282384872436523
2999,3341.9310234999994,587.9757177499996,1.345110300295643e-06,0.001159788903333552,11.365732828776043,1470,0,10.43059253692627,9.54583740234375,11.136910438537598,16.445972442626953,12.427990913391113,10.26644229888916,10.198012351989746,10.502970695495605,11.33686637878418
3499,3934.407373041,592.4763495410007,1.3335716636722937e-06,0.0011548037338319848,11.341629028320312,1470,0,10.393147468566895,9.502577781677246,11.156597137451172,16.44608497619629,12.367854118347168,10.244017601013184,10.160292625427246,10.522306442260742,11.281783103942871
