epoch,time_total_sec,time_interval_sec,train_mse,train_rmse,avg_rmse_bps,n_good,n_bad,rmse_bps_AUD,rmse_bps_CAD,rmse_bps_DKK,rmse_bps_EUR,rmse_bps_JPY,rmse_bps_NOK,rmse_bps_SEK,rmse_bps_GBP,rmse_bps_USD
0,0.9762731669998175,0.9762731669998175,0.00018993603575619914,0.013781728329792282,130.85108269585504,1470,0,193.06578063964844,114.700439453125,128.49403381347656,137.4884490966797,152.60137939453125,121.01028442382812,122.4228744506836,93.98416900634766,113.892333984375
