epoch,time_total_sec,time_interval_sec,train_mse,train_rmse,avg_rmse_bps,n_good,n_bad,rmse_bps_AUD,rmse_bps_CAD,rmse_bps_DKK,rmse_bps_EUR,rmse_bps_JPY,rmse_bps_NOK,rmse_bps_SEK,rmse_bps_GBP,rmse_bps_USD
0,0.9712077919994044,0.9712077919994044,0.00018993603575619914,0.013781728329792282,130.85108269585504,1470,0,193.06578063964844,114.700439453125,128.49403381347656,137.4884490966797,152.60137939453125,121.01028442382812,122.4228744506836,93.98416900634766,113.892333984375
99,94.69121466700017,93.72000687500076,1.253906341219522e-05,0.003541053997356609,34.58223236931695,1470,0,36.06298065185547,36.12782669067383,32.82093048095703,36.977867126464844,21.790849685668945,32.94655227661133,40.90624237060547,29.18981170654297,44.417030334472656
199,205.64043129199854,110.94921662499837,6.975808070887824e-06,0.002641175509292751,25.276398552788628,1470,0,22.029285430908203,21.638591766357422,26.928482055664062,31.504756927490234,26.339853286743164,17.681001663208008,35.53416442871094,17.215341567993164,28.61610984802246
299,333.36299337499986,127.72256208300132,6.28095505545098e-06,0.002506183364291404,24.08155017428928,1470,0,22.713302612304688,19.803939819335938,25.513139724731445,30.174083709716797,24.887144088745117,17.054088592529297,33.28884506225586,16.251577377319336,27.04783058166504
399,456.4691624169991,123.10616904199924,5.372697783090201e-06,0.0023179080618286395,23.219563802083336,1470,0,24.55707359313965,19.213674545288086,22.761133193969727,27.795551300048828,21.618860244750977,17.975271224975586,29.044891357421875,18.247026443481445,27.762592315673828
499,584.5116593329985,128.04249691599944,4.839657353562759e-06,0.0021999221244313988,21.663118150499134,1470,0,21.679771423339844,17.784229278564453,20.462909698486328,26.998729705810547,19.140104293823242,19.579345703125,26.86901092529297,16.62482452392578,25.829137802124023
599,710.5695279579995,126.05786862500099,4.881007784466159e-06,0.0022093002929584197,20.53561676873101,1470,0,17.523895263671875,15.239114761352539,21.4100341796875,27.281696319580078,20.93133544921875,16.469058990478516,28.597837448120117,15.156679153442383,22.210899353027344
699,836.9411774170003,126.37164945900076,4.2561025055670605e-06,0.0020630323568880493,19.57726001739502,1470,0,18.661706924438477,14.267273902893066,19.607431411743164,25.856821060180664,18.768329620361328,18.11006736755371,25.77013397216797,14.473556518554688,20.68001937866211
