epoch,time_total_sec,time_interval_sec,train_mse,train_rmse,avg_rmse_bps,n_good,n_bad,rmse_bps_AUD,rmse_bps_CAD,rmse_bps_DKK,rmse_bps_EUR,rmse_bps_JPY,rmse_bps_NOK,rmse_bps_SEK,rmse_bps_GBP,rmse_bps_USD
0,0.9332626670075115,0.9332626670075115,0.00018970463464518085,0.013773330557464337,130.64500512017145,1470,0,192.461669921875,114.38306427001953,128.38429260253906,137.4032440185547,152.6258544921875,120.61536407470703,122.29287719726562,93.96894073486328,113.66973876953125
99,96.56435708299978,95.63109441599227,1.2934809882961195e-05,0.003596499670924661,35.21552085876465,1470,0,36.58975601196289,35.082794189453125,33.277000427246094,37.40153121948242,21.88011360168457,34.20068359375,42.07836151123047,30.130977630615234,46.29846954345703
199,200.37728529199376,103.81292820899398,6.838479300752618e-06,0.0026150486230188184,24.795230865478516,1470,0,21.075923919677734,19.78022575378418,27.058990478515625,31.601245880126953,26.44029426574707,17.000539779663086,35.505672454833984,16.855606079101562,27.838579177856445
