epoch,time_total_sec,time_interval_sec,train_mse,train_rmse,avg_rmse_bps,n_good,n_bad,rmse_bps_AUD,rmse_bps_CAD,rmse_bps_DKK,rmse_bps_EUR,rmse_bps_JPY,rmse_bps_NOK,rmse_bps_SEK,rmse_bps_GBP,rmse_bps_USD
0,2.766164900000149,2.766164900000149,0.00018970464159446282,0.013773330809737448,130.64501105414496,1470,0,192.461669921875,114.38306427001953,128.38430786132812,137.40325927734375,152.62586975097656,120.6153564453125,122.29287719726562,93.96894073486328,113.66975402832031
99,966.4600869999995,963.6939220999993,1.293025145591886e-05,0.0035958658840283325,35.209847344292534,1470,0,36.576011657714844,35.07841110229492,33.272735595703125,37.39531707763672,21.883163452148438,34.1949348449707,42.07231521606445,30.129634857177734,46.286102294921875
