epoch,time_total_sec,time_interval_sec,train_mse,train_rmse,avg_rmse_bps,n_good,n_bad,rmse_bps_AUD,rmse_bps_CAD,rmse_bps_DKK,rmse_bps_EUR,rmse_bps_JPY,rmse_bps_NOK,rmse_bps_SEK,rmse_bps_GBP,rmse_bps_USD
0,2.2409162999829277,2.2409162999829277,0.00018960702443672787,0.013769786651823181,132.14500766330295,1470,0,197.3262939453125,117.03583526611328,129.06622314453125,137.8390655517578,151.726318359375,123.95226287841797,123.36000061035156,93.53173065185547,115.46733856201172
