epoch,time_total_sec,time_interval_sec,train_mse,train_rmse,avg_rmse_bps,n_good,n_bad,rmse_bps_AUD,rmse_bps_CAD,rmse_bps_DKK,rmse_bps_EUR,rmse_bps_JPY,rmse_bps_NOK,rmse_bps_SEK,rmse_bps_GBP,rmse_bps_USD
0,1.0390738749993034,1.0390738749993034,0.00030654663020874797,0.017508473097581866,186.81993187798395,1470,0,829.6438598632812,134.7230682373047,102.17779541015625,99.65116882324219,47.56946563720703,140.28138732910156,112.28861999511719,94.7344741821289,120.3095474243164
