tenor,r
1,2.3824074638314343e-06
2,3.083870851506567e-07
3,8.757674913379154e-07
5,1.0320939584646678e-06
10,6.000251741040062e-07
15,4.2841238902084563e-07
20,3.2937810377421496e-07
30,1.0021686778951259e-06
