phi,q
0.9925117809063592,1.9178343621138192e-06
0.9922371850075078,1.2579885506513726e-06
