phi,q
0.9906873016065956,3.14018380285951e-06
0.9864745849165583,2.6092282128911966e-06
