tenor,r
1,2.577315833133747e-06
2,3.181133133398774e-07
3,8.804708621173557e-07
5,1.4138274725611172e-06
10,6.475539508381286e-07
15,3.290989887784792e-07
20,4.5321548758505123e-07
30,8.345500215950513e-07
