phi,q
0.9835549883490156,1.8571945241082714e-06
0.9817298929262823,1.1397397769632308e-06
