phi,q
0.9895661105455136,2.400867569565445e-06
0.98851278718973,1.6044115810809923e-06
