tenor,r
1,2.210089783274108e-06
2,2.791056097418245e-07
3,6.783966843906833e-07
5,1.1464930495022959e-06
10,8.590781390016787e-07
15,5.813916548237821e-07
20,4.55432529974295e-07
30,1.6819905774460016e-06
