phi,q
0.9875321056093214,2.281281441577296e-06
0.9877966295821993,1.397771959466449e-06
