phi,q
0.9892322855196884,2.599968392728395e-06
0.9908635725471444,1.2685895826287982e-06
