tenor,r
1,2.4393349005326677e-06
2,3.6314653000087316e-07
3,6.490736123530321e-07
5,1.1618964570707832e-06
10,1.0238234630561032e-06
15,6.263854757796324e-07
20,4.6146028598051055e-07
30,1.6313000453038646e-06
