phi,q
0.989881814418935,7.216015045072307e-07
0.9888193876696559,5.20479951133322e-07
