phi,q
0.9923064989148912,2.582271593900785e-06
0.9813890045680841,2.0586848935890915e-06
