tenor,r
1,3.3054254393295147e-06
2,7.14155073037207e-07
3,1.4605329309996724e-06
5,2.1234492036006642e-06
10,9.961969513644179e-07
15,5.812538751962066e-07
20,5.910261816426687e-07
30,9.117340065723462e-07
