ccy,rmse_bps,lambda
JPY,7.883217558712813,0.05
GBP,10.59916539285384,0.18448275862068964
SEK,10.801271014961735,0.2517241379310345
NOK,10.915352979804164,0.2517241379310345
USD,12.300204613959362,0.2517241379310345
AUD,12.493160773616385,0.2517241379310345
DKK,12.696316753785773,0.2517241379310345
EUR,12.866305902916968,0.18448275862068964
CAD,13.30134184576075,0.2517241379310345
Average,11.539592981819087,
