tenor,r
1,4.85467546626322e-07
2,1.8673838933521988e-07
3,1.5340368376300021e-07
5,2.534113739427271e-07
10,4.961516657455171e-07
15,5.632502887130181e-07
20,4.263608825745838e-07
30,8.50003217288418e-07
