tenor,r
1,2.505303396102204e-06
2,3.5132550344320507e-07
3,8.169376998474338e-07
5,1.3734164587768256e-06
10,9.695120044828635e-07
15,6.21966958498538e-07
20,4.605837692648042e-07
30,2.0325857995662776e-06
