tenor,r
1,2.3607763901775314e-06
2,3.076919427553901e-07
3,6.846977312903405e-07
5,1.803749782320653e-06
10,8.843791185268009e-07
15,4.4022231016825025e-07
20,4.492150931085039e-07
30,9.247650304095422e-07
