tenor,r
1,2.5403190838532094e-06
2,4.76388944393918e-07
3,9.251196072168163e-07
5,1.8634599434498044e-06
10,7.20304607691148e-07
15,5.980162407801085e-07
20,4.682489910059803e-07
30,9.868024279240492e-07
