ccy,rmse_bps,lambda
JPY,7.875522106772964,0.05
GBP,10.64418671666647,0.18448275862068964
SEK,10.798004056521291,0.2517241379310345
NOK,10.911872155818113,0.2517241379310345
USD,12.304944532335353,0.2517241379310345
AUD,12.479869525707423,0.2517241379310345
DKK,12.684100748772345,0.2517241379310345
EUR,12.847404975135136,0.18448275862068964
CAD,13.280166863008295,0.2517241379310345
Average,11.536230186748599,
