phi,q
0.9948162244395908,3.2775470665447047e-06
0.9934118794788508,1.5819834376658117e-06
