{
  "1x1": {
    "w": [
      0.23040663262827316,
      -0.8163207842963088,
      0.1330385407334382,
      -0.29534075754454076,
      -0.11447641651085018
    ]
  },
  "1x5": {
    "w": [
      0.20707541938443524,
      -0.7637282595537189,
      0.12704089908369215,
      -0.2845428513826153,
      -0.03869711801473941
    ]
  },
  "1x10": {
    "w": [
      0.19531674013844097,
      -0.8144196376188709,
      -0.9284985023870763,
      -0.886300505749433,
      0.22959904108918952
    ]
  },
  "5x1": {
    "w": [
      0.32822082790547263,
      -1.6104465005148143,
      -1.2905572811182835,
      -1.434682571373475,
      0.4389407975698489
    ]
  },
  "5x5": {
    "w": [
      0.23666508987946128,
      -0.9785434130750126,
      -0.8639236117849579,
      -0.9386644877475242,
      0.4027493992811147
    ]
  },
  "5x10": {
    "w": [
      0.2098328136009926,
      -0.7328322086772665,
      -0.6151161804446555,
      -0.6861977804414571,
      0.2815933787960746
    ]
  },
  "10x1": {
    "w": [
      0.22220161969727922,
      -0.8663639602033274,
      -0.7088543991617062,
      -0.8079700342782101,
      0.4387908438878478
    ]
  },
  "10x5": {
    "w": [
      0.23027273159407383,
      -0.8014272354551341,
      -0.5090143603484699,
      -0.6638624077271672,
      0.30718902004004744
    ]
  },
  "10x10": {
    "w": [
      0.2710259192961086,
      -0.8708912670435295,
      -0.4531413842335315,
      -0.6642734953106597,
      0.26290611836313194
    ]
  }
}