{
  "1x1": 0.13841100005510285,
  "1x5": 0.15101168888933122,
  "1x10": 0.09815009099985414,
  "5x1": 0.14190158822608884,
  "5x5": 0.12419427609954248,
  "5x10": 0.12740130740126396,
  "10x1": 0.12140370743170967,
  "10x5": 0.14504813684318038,
  "10x10": 0.1829288348656029
}