currency,rmse_bps
AUD,1901.155517578125
GBP,1980.12158203125
EUR,2202.964599609375
NOK,2277.55419921875
SEK,2331.453125
DKK,2346.62353515625
USD,2373.343017578125
JPY,2387.231689453125
CAD,2425.065673828125
Average,2247.2792154947915
