ccy,rmse_bps,lambda
JPY,4.664605810132589,0.2517241379310345
GBP,6.060127222462835,0.5206896551724138
SEK,6.521073628357096,0.5206896551724138
USD,7.223427271696338,0.6551724137931034
NOK,8.154365420088448,0.6551724137931034
CAD,8.570545118459792,0.5879310344827586
EUR,8.676671241188826,0.5206896551724138
DKK,8.902730275527842,0.5206896551724138
AUD,9.26308968255457,0.5206896551724138
Average,7.559626185607592,
