expiry,tenor,count,mae,rmse,bias
5,1,129,37.06716279069768,52.515892948006815,-34.28558914728683
5,5,143,52.087786713286704,78.25693681134712,-52.08778671328671
5,10,150,50.032819333333336,73.61887864618559,-50.03281933333333
10,1,148,47.62797702702703,62.56177070982769,-47.62797702702703
10,5,150,45.09770866666667,60.424199085895495,-45.09770866666666
10,10,148,43.17625810810811,55.89080312123715,-43.17625810810811
