currency,rmse_bps
CAD,9.792886734008789
NOK,10.712220191955566
SEK,11.044201850891113
DKK,11.27461051940918
GBP,11.519947052001953
USD,11.854900360107422
AUD,12.335256576538086
JPY,12.853832244873047
EUR,17.613611221313477
Average,12.111274083455404
