ccy,rmse_bps,k
JPY,9.417081243648504,0.07862068965517241
NOK,10.470705760880017,0.14724137931034484
SEK,10.908254816103023,0.14724137931034484
GBP,11.157385535828855,0.14724137931034484
AUD,12.105693361702658,0.14724137931034484
USD,12.260223383747835,0.14724137931034484
DKK,12.36702508283118,0.14724137931034484
EUR,12.912342570525475,0.14724137931034484
CAD,12.99632522794186,0.14724137931034484
Average,11.621670775912158,
