,IS mean (bps),IS std (bps),OOS mean (bps),OOS std (bps)
AUD,10.237893104553223,,12.83598804473877,
Average,11.083239343431261,,16.94281472100152,
CAD,9.393969535827637,,16.176734924316406,
DKK,10.54047679901123,,16.88245964050293,
EUR,14.631762504577637,,29.909950256347656,
GBP,9.456958770751953,,11.574329376220703,
JPY,14.192642211914062,,11.227179527282715,
NOK,8.429622650146484,,19.49200439453125,
SEK,10.066987991333008,,15.685569763183594,
USD,12.798840522766113,,18.70111656188965,
