epoch,time_total_sec,time_interval_sec,train_mse,train_rmse,avg_rmse_bps,n_good,n_bad,rmse_bps_AUD,rmse_bps_CAD,rmse_bps_DKK,rmse_bps_EUR,rmse_bps_JPY,rmse_bps_NOK,rmse_bps_SEK,rmse_bps_GBP,rmse_bps_USD
0,1.055642707971856,1.055642707971856,0.0003962913201409107,0.01990706709038051,155.70668411254883,1470,0,266.8789978027344,190.33961486816406,137.490478515625,128.67010498046875,39.985347747802734,203.0142059326172,148.62692260742188,114.12891387939453,172.22557067871094
99,303.46253712498583,302.406894417014,6.977043752461517e-06,0.0026414094253753083,25.015654457939995,1470,0,22.500595092773438,20.39621353149414,26.81555938720703,31.86296272277832,25.301921844482422,17.307697296142578,34.0056037902832,16.909008026123047,30.04132843017578
