expiry,tenor,count,mae,rmse,bias
5,1,61,1520.1865590163934,1531.6290911991946,1520.1865590163934
5,5,70,727.3158414285713,733.6168727316407,727.3158414285714
5,10,75,444.17004,451.9636448854464,444.17004
10,1,148,1149.4609817567566,1308.3886448409608,1149.4609817567566
10,5,150,537.7709433333333,548.5723904418095,537.7709433333333
10,10,148,314.6471939189189,327.79207772561193,314.6471939189189
