currency,rmse_bps
GBP,7.77123498916626
CAD,8.326628684997559
NOK,8.452436447143555
SEK,8.821725845336914
USD,9.573505401611328
AUD,9.813963890075684
DKK,9.89285659790039
JPY,11.536490440368652
EUR,15.296563148498535
Average,9.942822827233208
