Currency,IS mean (bps),IS std (bps),OOS mean (bps),OOS std (bps)
AUD,7.925377329128438,,15.997408218128516,
CAD,7.818282871587391,,10.12265115453165,
DKK,7.8846706031350156,,12.395233234550865,
EUR,7.536691644669406,,11.198897680647903,
JPY,5.092161301789356,,4.881415449617944,
NOK,5.817217227876866,,9.98533698084233,
SEK,5.601279680394427,,9.69649799420054,
GBP,5.948320187559523,,6.561795806567071,
USD,6.289806929875025,,9.499752002989469,
Average,6.657089752890605,,10.037665391341811,
