currency,rmse_bps
DKK,8.380237579345703
EUR,8.493610382080078
CAD,9.088997840881348
NOK,9.206262588500977
USD,9.286320686340332
SEK,9.381775856018066
JPY,9.462553024291992
AUD,9.810038566589355
GBP,9.867263793945312
Average,9.219673368665907
