tau1,finite_fd_pct,mean_fd_short,mean_r_tilde,mean_error,median_error,mean_abs_error,median_abs_error,max_abs_error,std_error
1.0,99.83333333333333,-0.727152342738498,0.006602177270929258,-0.7337827066989722,-0.0014774709418256763,0.7420369486609891,0.00406532093227459,408.2244086125978,13.748945840092224
0.25,100.0,-0.720677689538402,0.006602177270929258,-0.7272798668093313,-0.0004537627392869098,0.7281678115194284,0.0011525133808564716,755.8985405751631,18.184000304821357
0.08333333333333333,100.0,0.0060179146524654975,0.006602177270929258,-0.0005842626184637609,-0.00011553949355010314,0.0008784417257435256,0.0003507585087262181,0.05973195138964576,0.002918950563714139
0.019230769230769232,100.0,0.00650983943039491,0.006602177270929258,-9.233784053434916e-05,-2.4673385897442594e-05,0.00015935999703810562,7.78362074980081e-05,0.00502916667448236,0.0003431433404776177
0.003968253968253968,100.0,0.006584263456087292,0.006602177270929258,-1.791381484196681e-05,-4.992218753368822e-06,3.169150105278957e-05,1.5957557184152153e-05,0.0008769094420794203,6.422600231226102e-05
0.0027397260273972603,100.0,0.0065898665698718,0.006602177270929258,-1.231070105745984e-05,-3.4465384634940017e-06,2.1819935283412233e-05,1.1008556964125712e-05,0.0005978443070094493,4.402696094198465e-05
