epoch,time_total_sec,time_interval_sec,train_mse,train_rmse,avg_rmse_bps,n_good,n_bad,rmse_bps_AUD,rmse_bps_CAD,rmse_bps_DKK,rmse_bps_EUR,rmse_bps_JPY,rmse_bps_NOK,rmse_bps_SEK,rmse_bps_GBP,rmse_bps_USD
0,4.863961499999277,4.863961499999277,0.00023644458946809932,0.015376754841906641,142.77080959743924,1470,0,251.65945434570312,160.4192352294922,125.05516052246094,123.93730926513672,88.06484985351562,171.16748046875,129.24290466308594,88.90412139892578,146.4867706298828
