{
  "1x1": {
    "s_payer": 0.13604573589926855,
    "s_straddle": 0.13405586508432427
  },
  "1x5": {
    "s_payer": 0.13815605070509915,
    "s_straddle": 0.07240474134737297
  },
  "1x10": {
    "s_payer": 0.08667156408468808,
    "s_straddle": 0.06987407511813118
  },
  "5x1": {
    "s_payer": 0.1402523638485812,
    "s_straddle": 0.19411899887579248
  },
  "5x5": {
    "s_payer": 0.11775112995440128,
    "s_straddle": 0.10523772022826315
  },
  "5x10": {
    "s_payer": 0.1169305920975537,
    "s_straddle": 0.13141939010626966
  },
  "10x1": {
    "s_payer": 0.12041770004682699,
    "s_straddle": 0.16581666674917347
  },
  "10x5": {
    "s_payer": 0.1390375387495057,
    "s_straddle": 0.12547914653070524
  },
  "10x10": {
    "s_payer": 0.17067573525354943,
    "s_straddle": 0.18451958764818785
  }
}