epoch,time_total_sec,time_interval_sec,train_mse,train_rmse,avg_rmse_bps,n_good,n_bad,rmse_bps_AUD,rmse_bps_CAD,rmse_bps_DKK,rmse_bps_EUR,rmse_bps_JPY,rmse_bps_NOK,rmse_bps_SEK,rmse_bps_GBP,rmse_bps_USD
0,1.0851732499995705,1.0851732499995705,0.0003344504300664895,0.018287985948881563,164.91782803005643,1470,0,232.2540740966797,158.38133239746094,159.05665588378906,165.00335693359375,166.2797088623047,159.90020751953125,155.40277099609375,130.84439086914062,157.13795471191406
9,9.725578292000137,8.640405042000566,0.00025383148807240334,0.015932089884017203,154.85281965467667,1470,0,234.33880615234375,155.885498046875,145.0111846923828,148.97445678710938,140.6295928955078,159.84738159179688,143.86036682128906,114.54918670654297,150.5789031982422
19,19.75741358399955,10.031835291999414,0.00025388848113345905,0.0159338784083932,154.76208919949002,1470,0,235.269287109375,156.4228515625,144.59869384765625,148.37672424316406,139.1367645263672,160.54470825195312,143.64010620117188,114.05118560791016,150.8184814453125
29,30.140341209000326,10.382927625000775,0.0002533925523376409,0.015918308714736026,155.2816145155165,1470,0,231.2809600830078,154.23114013671875,146.52706909179688,151.09950256347656,145.74685668945312,157.64356994628906,144.74012756347656,116.38182067871094,149.88348388671875
39,40.854226249999556,10.71388504099923,0.00025453705817372316,0.01595421756695461,156.0446989271376,1470,0,227.69717407226562,152.4778594970703,148.65855407714844,153.9434051513672,152.0074005126953,155.1928253173828,146.11532592773438,118.95824432373047,149.35150146484375
49,51.386285833999864,10.532059584000308,0.0002537692465017974,0.015930136424456554,154.619381374783,1470,0,237.82606506347656,157.96055603027344,143.6156005859375,146.88746643066406,135.14578247070312,162.49969482421875,143.17630004882812,112.86761474609375,151.59535217285156
