Currency,RMSE_bps
NOK,15.051745414733887
GBP,15.834211349487305
CAD,17.263423919677734
AUD,18.004392623901367
JPY,18.1145076751709
DKK,19.89520835876465
SEK,24.13685417175293
USD,25.787193298339844
EUR,28.763565063476562
Average,20.31678909725613
