Currency,RMSE_bps
AUD,12.927251815795898
GBP,13.1819486618042
CAD,13.460854530334473
NOK,13.641915321350098
DKK,14.413752555847168
USD,14.478391647338867
SEK,14.854162216186523
JPY,15.248812675476074
EUR,22.132123947143555
Average,14.926579263475206
