epoch,time_total_sec,time_interval_sec,train_mse,train_rmse,avg_rmse_bps,n_good,n_bad,rmse_bps_AUD,rmse_bps_CAD,rmse_bps_DKK,rmse_bps_EUR,rmse_bps_JPY,rmse_bps_NOK,rmse_bps_SEK,rmse_bps_GBP,rmse_bps_USD
0,1.2916294169990579,1.2916294169990579,0.0004840488374397597,0.022001109913814796,912.3303934733074,175,1295,,,802.5709838867188,736.7161865234375,597.98095703125,,1080.7205810546875,1053.517578125,1202.47607421875
9,8.823239375007688,7.53160995800863,0.0,0.0,912.3303934733074,175,1295,,,802.5709838867188,736.7161865234375,597.98095703125,,1080.7205810546875,1053.517578125,1202.47607421875
