epoch,time_total_sec,time_interval_sec,train_mse,train_rmse,avg_rmse_bps,n_good,n_bad,rmse_bps_AUD,rmse_bps_CAD,rmse_bps_DKK,rmse_bps_EUR,rmse_bps_JPY,rmse_bps_NOK,rmse_bps_SEK,rmse_bps_GBP,rmse_bps_USD
0,1.8048812080087373,1.8048812080087373,0.0003752601264063649,0.019371632001624565,164.5165006849501,1470,0,270.8086853027344,198.79391479492188,145.5225830078125,136.59356689453125,52.99828338623047,207.85595703125,156.6778106689453,127.25746154785156,184.14024353027344
9,17.28522287501255,15.480341667003813,2.2465288474740852e-05,0.004739756161949774,46.14628092447917,1470,0,37.213523864746094,50.2391242980957,47.820613861083984,49.88329315185547,33.98152160644531,40.52381134033203,54.446800231933594,36.78643798828125,64.42140197753906
