{
  "W_opt": 12,
  "cv_results": {
    "12": 16.338666725276497,
    "24": 21.3996788507117,
    "36": 23.390539621992346,
    "48": 22.582994776686856,
    "60": 19.59487624274457
  }
}