{
  "1x1": {
    "ols_oos": 161.2,
    "roll_oos": 173.3,
    "delta": 12.100000000000023
  },
  "1x5": {
    "ols_oos": 49.8,
    "roll_oos": 41.1,
    "delta": -8.699999999999996
  },
  "1x10": {
    "ols_oos": 144.2,
    "roll_oos": 194.4,
    "delta": 50.20000000000002
  },
  "5x1": {
    "ols_oos": 81.8,
    "roll_oos": 83.3,
    "delta": 1.5
  },
  "5x5": {
    "ols_oos": 58.9,
    "roll_oos": 100.8,
    "delta": 41.9
  },
  "5x10": {
    "ols_oos": 56.0,
    "roll_oos": 86.5,
    "delta": 30.5
  },
  "10x1": {
    "ols_oos": 45.1,
    "roll_oos": 72.1,
    "delta": 26.999999999999993
  },
  "10x5": {
    "ols_oos": 42.7,
    "roll_oos": 65.3,
    "delta": 22.599999999999994
  },
  "10x10": {
    "ols_oos": 52.5,
    "roll_oos": 71.9,
    "delta": 19.400000000000006
  },
  "overall": {
    "ols_oos": 73.2,
    "roll_oos": 98.2,
    "ols_rmse": 109.3,
    "roll_rmse": 126.9
  }
}