{
  "1": 0.07227014511189964,
  "5": 0.13639193175878364,
  "10": 0.1502665425009634
}