Currency,IS mean (bps),IS std (bps),OOS mean (bps),OOS std (bps)
AUD,47.740835423534875,,58.998912837080084,
CAD,67.05104916747423,,49.34505775325222,
DKK,65.48713412131565,,33.74785914939973,
EUR,66.23785237555532,,36.53702968508136,
JPY,43.83452369731756,,28.425599157536045,
NOK,47.75582193103439,,33.73407199460951,
SEK,68.41121107645915,,37.90856550045948,
GBP,61.70595427305994,,32.67896174448334,
USD,85.1964499822057,,51.483432861399635,
Average,61.49120356088409,,40.31772118703349,
